Id,Loan Status
7626,0
23,0
4874,0
14629,0
9647,0
2523,0
13624,1
14144,0
9948,0
651,1
28192,0
14244,0
18514,0
20787,0
24977,0
1731,0
18765,0
29477,0
6272,1
13380,0
5963,0
12976,0
23114,0
21873,0
28545,0
14441,0
29786,0
16704,1
30805,1
4782,0
9507,0
19,1
2777,0
30692,0
7463,0
21818,0
32404,0
31905,1
9451,0
10213,0
15550,0
21013,0
22637,0
2512,1
14255,0
28307,0
25448,0
10787,0
1286,0
7009,0
1809,0
13365,0
17674,0
11784,0
16791,0
10172,0
7432,0
1648,0
31472,0
31296,0
7532,0
22426,0
28062,0
25616,0
20237,0
3385,0
15543,0
10918,0
14392,0
23831,0
20311,0
31164,0
3764,0
2552,0
21450,0
17049,1
6835,0
5551,0
8435,0
26565,0
4009,0
2582,0
16918,1
15118,0
19801,0
13523,0
10809,0
25299,0
30320,0
9692,0
26174,0
21891,0
4468,0
20318,0
24173,1
2899,0
1256,1
25536,0
11633,1
5984,0
11723,0
30183,0
24234,0
9596,0
24708,0
1763,0
27948,0
12707,0
5110,0
15111,0
8560,0
2688,0
19530,0
22500,0
28336,0
17750,0
237,0
920,1
20522,0
30634,0
29807,0
27846,0
13804,0
8425,0
2965,1
28420,0
18530,1
1805,0
14931,0
3572,0
22814,0
17159,0
20077,1
8041,0
258,1
18610,0
27271,0
30417,0
5512,0
30156,0
12938,0
3058,0
12363,0
2125,0
27195,0
4765,0
24400,0
21125,1
25849,0
11983,1
21895,0
8650,0
14426,0
5541,0
28178,0
13409,0
9158,0
26316,0
16209,1
18394,0
25780,1
5243,1
24676,0
4231,1
30988,0
9022,0
10054,0
17894,0
8457,1
31272,0
22049,0
6674,0
23824,0
23506,0
29457,0
25019,0
6047,0
15556,0
27568,0
19514,0
1541,0
24928,0
2442,0
21291,0
20340,0
20108,0
16856,0
4243,0
29479,0
19263,0
12046,0
859,1
6454,0
21706,0
3140,0
9482,0
20016,0
7718,0
25192,0
23217,1
2149,0
24408,1
13475,0
11392,0
11894,0
19144,0
11428,0
32249,0
7964,0
16851,1
2070,0
3206,0
31560,0
23971,1
11542,0
1387,0
25248,0
16962,0
8001,0
17334,0
29193,1
28155,0
3277,0
14177,0
16019,0
31737,1
13031,0
21037,0
18542,0
15075,0
1356,0
24625,0
1730,0
27501,0
20375,0
1279,0
6967,0
6419,0
28419,0
6757,0
16860,0
15737,0
31775,0
31039,0
2457,0
22158,0
20632,0
25343,0
8642,0
27815,0
30356,0
30840,0
154,1
1768,0
9206,0
15002,0
16170,0
31311,0
28427,0
20624,0
29553,0
28560,0
20707,0
425,1
18082,1
18407,0
17126,0
27911,0
18535,1
2055,0
22319,0
6433,0
9232,0
5420,0
19697,0
9137,0
5384,0
20275,0
14306,0
8423,0
12730,0
1498,0
10693,0
13401,0
9496,0
21429,0
29471,0
26734,0
13131,0
29092,0
67,0
8044,0
23572,0
22387,0
29387,0
10641,0
8726,0
24958,0
4329,1
8683,0
30749,0
28975,0
16003,0
7433,0
30122,0
5417,0
20579,0
10233,0
11473,1
31808,0
32184,0
23799,0
14972,0
26440,0
6606,0
14074,0
22079,0
13563,0
25074,0
24265,0
13125,0
21430,0
17661,0
21589,0
12275,1
10691,0
24721,0
12448,0
6932,0
1974,1
28426,0
10375,1
8775,0
24349,0
8465,0
24964,0
11396,0
3188,0
28100,0
9086,0
8437,0
21717,0
18714,1
12901,0
11327,0
10755,0
28968,1
8046,0
3551,0
6737,0
25205,0
11012,0
5516,0
27808,1
23868,1
15890,0
2459,0
25427,0
26163,0
4672,0
25055,1
4901,0
25463,0
11054,0
30946,0
6229,0
17943,0
30412,0
12170,0
17774,0
30536,0
30240,0
1954,0
8613,1
6364,0
30203,0
7152,1
16118,0
19003,0
29880,0
14010,0
8286,0
24311,0
6319,0
7520,0
14382,0
25128,1
16462,0
18231,1
341,1
22581,1
26213,0
7547,0
11098,0
23495,1
30726,0
31332,0
29825,0
26276,0
1386,0
15481,0
11720,0
15125,1
5015,0
16354,0
24007,1
9997,0
14664,0
12862,0
10342,0
28283,1
22695,0
30563,1
31287,0
28368,0
20812,0
20627,0
27670,0
11242,0
11589,0
6108,1
27752,0
2182,0
25349,0
31739,0
18536,1
17961,0
14818,0
5129,0
7,1
5152,0
6325,1
21008,1
12780,0
13404,0
21418,0
29112,1
21105,0
25881,0
10120,0
1807,1
3330,0
11818,0
9725,0
10985,0
26303,0
13331,0
22315,0
25815,0
28893,0
23023,0
31598,0
32128,0
10692,1
7877,0
27934,1
2319,0
4716,0
18048,0
8993,0
21582,0
7471,0
14205,0
1907,0
7864,0
13773,0
19909,0
29367,0
8829,0
18706,0
20927,0
16345,0
17312,0
14355,0
32178,0
31260,1
4917,0
30851,1
9117,0
9037,0
24130,0
6352,0
7195,0
25655,0
15241,0
14146,0
9447,0
9617,0
15615,0
2114,0
24473,0
19011,1
28551,0
17017,0
7221,0
15806,0
21659,0
3467,1
21027,0
30824,0
5269,0
25323,0
18431,0
27163,0
10341,0
18652,0
3709,0
26221,0
10057,0
23439,0
29829,0
15530,0
6791,1
15753,1
4492,0
16156,0
9361,0
17779,0
13855,0
18704,1
2226,1
7704,0
13389,0
28904,0
32145,0
7316,0
7188,1
12228,0
20900,0
3957,1
20859,0
15436,0
14708,0
13517,1
3221,0
24962,0
30985,0
29527,1
27017,0
12461,0
2547,0
27116,0
23485,0
28364,1
27953,0
13919,0
28000,0
14058,0
22457,0
19302,0
21138,0
5661,0
27449,0
12475,0
1231,1
14140,0
26450,0
23591,0
25964,0
20983,0
11840,0
19891,1
6603,0
914,0
6386,0
10493,1
23492,0
15251,0
28138,0
30456,0
13977,0
21323,0
24344,0
1478,0
9107,0
27428,0
17273,0
8708,0
25069,1
17799,0
23516,0
12154,0
8449,0
19788,0
15518,0
30085,0
23856,0
4494,1
7426,0
24495,0
25559,0
7943,0
13382,0
2293,0
5803,1
8131,0
23051,0
28846,0
3770,0
27816,1
13036,0
15318,0
12738,0
28918,0
24879,0
24057,0
834,0
16301,1
1210,0
7969,1
21910,0
18797,0
21129,0
19137,0
21471,0
8689,0
13063,0
26795,0
26170,0
32074,0
3868,1
21344,0
31184,0
9609,0
2448,0
6019,0
12132,1
6484,0
23552,0
12080,0
28142,1
17567,0
1878,1
14904,0
21664,0
27178,0
25586,0
30767,0
18922,0
2990,0
12125,0
32578,1
31976,1
10705,0
15866,0
2823,0
20591,0
7016,1
6934,0
18193,1
5394,0
11881,1
20265,0
12688,0
6408,1
12265,1
12042,0
30510,0
14349,1
5614,1
2306,0
20493,0
2199,1
2910,0
19793,0
282,0
27084,0
18229,1
869,1
25098,0
28243,0
29328,0
10132,1
21458,0
23913,0
24283,0
28601,0
14667,1
29998,0
13939,0
29383,0
6817,0
18492,0
32494,0
24637,0
7435,0
16522,0
23048,0
28239,0
14377,0
18705,0
9600,0
22304,0
22903,0
18571,1
16720,0
6442,0
4159,0
31852,0
19683,1
23503,0
780,0
16976,0
6346,0
21084,1
29342,0
9686,0
7139,0
28674,0
3477,0
32204,0
3236,0
26703,0
4499,0
22559,0
14555,0
631,1
15201,0
11414,0
27830,0
2758,0
3195,0
31729,0
200,1
31632,1
25512,0
6876,1
26320,0
2329,0
8996,0
2039,0
49,1
1799,0
28107,0
29181,0
28609,0
25948,0
13683,0
29076,0
23045,0
27957,0
15447,0
1358,0
27146,0
24987,1
22389,0
28158,0
30803,0
18661,0
25474,1
20313,1
13173,0
25638,0
8835,0
21097,0
7774,0
1504,0
995,1
17128,1
16763,0
10739,0
4076,0
19983,0
9504,0
14800,0
31146,0
30389,0
6824,0
7396,0
13078,0
14322,0
3636,0
28237,0
32496,0
8798,0
27709,0
10433,1
20010,0
27662,0
30237,0
12499,0
11591,0
27823,0
4285,0
25452,0
18121,0
21093,0
19856,0
11215,0
25141,0
29561,0
14790,0
19134,0
19843,0
10179,0
9262,1
19249,0
5431,0
1846,0
23815,0
287,0
24228,1
23137,0
10591,0
13115,0
30658,0
15992,1
26053,0
733,0
75,1
3300,0
2699,0
20332,0
6651,0
30703,0
17549,0
22861,1
20743,1
13030,0
3273,0
16794,0
7730,0
21223,0
4686,0
15090,0
12209,0
7238,0
31668,0
17670,0
7161,0
13839,1
14697,1
17493,0
28378,0
25688,0
20417,0
14347,0
26335,0
9956,0
14997,0
9238,0
10251,0
13884,0
30392,0
15389,0
20221,0
8677,0
18042,0
12133,0
6223,1
14643,1
5727,0
9284,0
24161,0
30941,1
18557,1
10867,0
25915,0
26357,1
32056,0
3962,0
11044,1
8707,0
27006,0
30045,0
6192,0
17695,1
8532,0
29108,0
5278,0
21232,0
748,0
11601,0
13261,1
29027,0
12821,0
13787,0
30355,0
6888,1
29419,0
10649,0
25626,0
23889,0
5374,0
763,0
16480,0
24645,0
22720,0
15878,0
24886,0
11867,0
26295,0
28101,0
27155,0
17369,0
20342,1
24110,0
15491,0
21041,1
19846,0
913,0
31576,0
25732,1
8382,0
1561,0
15028,1
8948,0
23400,0
29589,1
11985,0
25952,0
26696,0
26524,0
17843,1
8939,0
2284,0
9283,1
7490,0
1854,0
29114,0
1616,0
13990,0
3294,0
24032,0
29376,1
18064,1
15841,0
325,0
19292,1
28330,0
28526,0
31863,1
21094,0
236,0
1822,0
16788,0
30711,0
28502,0
6214,0
1993,1
1910,0
15486,0
14530,0
29501,0
3938,0
3237,1
5615,0
28047,0
8795,0
17541,0
13005,1
24052,0
32257,0
27054,1
11951,0
20245,1
5608,0
19110,0
31612,1
28733,0
19727,0
22167,0
18399,0
10765,0
30107,0
12010,0
20958,0
4949,0
25501,0
24091,0
9078,1
27299,1
3809,0
26404,0
21209,0
30386,0
15456,0
31190,1
29293,1
16607,1
21474,0
22846,1
31500,0
4742,0
17831,1
21715,0
4579,0
19539,0
2805,0
9619,0
22870,0
6276,0
16897,0
5804,0
21098,0
29547,0
21208,0
6854,0
2501,1
7229,0
30040,1
10981,0
25278,0
26876,0
20856,0
1895,0
19576,0
372,0
27044,0
28400,0
12119,0
16213,1
171,1
13800,1
25391,1
4315,0
16125,0
1584,0
895,1
20784,0
7684,0
28092,0
11950,0
12270,1
6766,1
5513,0
12628,0
1832,0
22972,0
1320,0
10079,1
27671,0
16471,1
25216,0
25853,0
16181,0
4241,0
9503,0
10240,0
14817,0
19635,0
16194,1
25179,0
831,0
8307,0
9679,0
13345,0
27940,0
32253,0
22441,0
3284,1
13516,0
20380,0
12592,0
7165,0
13544,0
11222,0
2078,0
18359,1
16337,0
17413,0
28563,0
6232,0
30782,1
26062,0
5365,0
24734,0
22115,0
31859,0
21449,0
13272,0
2418,0
25539,1
21870,0
32078,0
19838,0
2654,0
16077,0
6270,0
22782,0
20663,0
28605,0
26527,0
20528,0
584,1
26657,0
31714,0
12117,0
28608,0
3602,1
10874,0
31219,0
25802,0
12810,0
30738,0
17175,1
14424,1
18523,0
3897,0
14419,0
16679,0
12262,0
27684,0
5509,0
25112,1
24946,1
10821,0
24672,0
27285,0
19528,0
23852,0
30390,0
27206,0
2653,0
2818,0
22283,0
4008,0
10674,0
13211,0
10345,1
1042,0
7364,0
23772,0
18245,1
3232,0
7418,0
13337,0
30473,0
22890,0
23708,0
28596,0
8201,1
533,0
18718,1
31505,1
22503,0
23169,0
833,0
19004,0
10724,0
19166,0
7928,0
23729,0
1101,1
19828,0
22450,0
2034,1
8765,0
18831,0
28430,0
3879,0
27890,1
30422,0
27637,1
9194,0
2148,0
1173,0
10728,0
13370,0
30318,0
5260,1
17640,0
2307,0
3102,0
13092,0
20014,0
10407,0
25564,0
32518,1
24908,0
6679,0
32038,0
9423,0
11532,0
26193,0
12260,0
3894,0
29301,1
7858,0
3065,0
9335,0
397,1
21789,0
1294,0
18150,0
15730,0
24910,0
12760,0
25797,0
3635,0
7530,0
27843,0
738,0
15781,0
32510,0
12238,1
4414,0
26983,0
19730,0
4956,0
31142,0
3896,0
27563,0
4623,0
12440,0
20001,0
3246,1
24590,0
30619,0
13873,0
20143,0
21667,0
12710,0
25043,1
26459,0
14715,0
24726,0
16169,1
2236,0
1590,1
19229,0
29808,0
29296,0
21218,0
14713,0
21193,0
3055,1
26874,0
25764,0
12478,0
1257,1
17826,0
20765,0
26896,0
22829,0
12761,0
11071,0
9957,0
16767,0
19925,1
3044,0
22750,0
16294,1
9091,0
25091,0
25162,0
18719,1
8916,0
10515,1
27758,0
2088,0
31023,0
8732,0
27362,0
4846,0
10885,0
30899,0
20712,0
21543,1
13143,1
5022,0
16770,0
30860,1
23344,0
14854,0
8133,0
19919,0
15052,0
20243,0
23813,0
25478,0
24936,1
14295,0
14738,0
31564,0
5069,0
26649,0
4713,1
13069,0
10890,0
30685,0
30548,0
14093,1
2516,1
4131,0
25714,1
21615,1
29796,0
27914,0
13623,0
2627,0
29544,1
23946,0
1868,0
26668,0
31733,0
31589,0
5503,0
737,0
26067,0
5021,0
22761,0
8327,0
7873,0
10276,0
3983,0
10242,0
18773,0
24421,0
3304,0
13829,0
2342,0
15760,0
14526,0
14496,0
2772,0
277,0
22004,0
25545,0
25472,0
27089,0
8199,0
12316,1
16565,0
13542,1
21235,0
22645,1
23004,0
25252,0
767,0
3041,0
31794,0
327,0
30771,0
9947,0
14862,0
17456,0
26718,0
5794,0
3352,0
10854,0
9042,0
9632,0
15495,0
22504,0
6301,0
29686,0
24196,0
25220,0
16123,0
4126,0
22183,0
20892,0
22955,0
21666,0
1062,0
25903,1
8151,0
3169,0
7124,0
7416,0
2527,0
31715,0
26437,0
25946,0
1612,0
17525,0
30578,0
11833,0
1560,1
2011,1
436,1
26248,0
18904,0
1670,0
7784,0
20801,0
2347,0
8760,0
6168,1
18991,0
25646,0
14671,0
5273,0
15343,0
26969,1
19702,0
634,1
27616,1
4854,0
15199,0
15298,0
3812,0
1289,0
1409,0
10410,0
5953,0
20782,0
26535,0
21315,0
6437,0
23912,0
20838,0
23040,0
2874,0
24407,0
605,1
14252,0
25593,0
24203,0
4484,1
31084,0
11013,0
21051,0
25402,0
2042,0
13191,0
16903,0
4904,0
32321,1
20706,0
15108,1
6335,0
27574,0
9987,0
11626,0
7089,0
18267,1
31206,0
10847,0
1000,0
24907,0
24505,0
16281,0
13506,0
22336,0
21673,0
27623,0
15085,0
8459,0
20367,0
23940,0
10421,1
21677,1
17903,0
21553,0
13395,0
9984,0
15646,0
12775,0
29583,0
24271,0
13333,0
12647,0
5422,0
23992,0
12180,1
16944,0
30420,0
19900,1
17551,0
15830,0
29696,0
15393,0
11223,0
1788,0
24542,0
21740,0
12250,0
18400,0
27196,0
22216,0
3914,0
2935,0
24848,0
16849,0
13480,0
4018,0
12091,1
16913,0
23710,1
20617,0
32533,0
23590,1
32354,0
20688,0
15013,0
7256,0
3087,1
19831,0
8587,0
26050,0
27695,0
11407,0
4238,0
221,0
25378,0
23737,0
12082,0
15134,1
23324,0
25196,0
4374,0
24024,0
10107,0
2800,0
3115,1
1656,0
2015,1
9179,1
30285,0
8915,1
6784,0
1995,0
31711,0
6469,0
21002,0
12187,0
28915,0
10565,0
23508,0
13060,0
5304,1
9707,1
26312,0
11674,0
12606,0
29401,0
18814,1
125,0
28584,0
30442,0
28528,1
20910,0
17138,0
7376,0
9735,0
15599,0
11184,0
19870,0
19010,0
3268,0
14029,0
22755,1
7410,0
26973,0
18642,0
12744,0
8713,0
17589,0
25935,0
15319,1
27119,0
14113,0
15490,0
21661,0
6053,1
14194,0
8296,0
18527,1
26717,0
16411,1
29871,0
11466,0
21038,0
31139,0
4481,0
3586,0
28156,0
8398,0
13413,0
21161,0
18588,0
22041,0
15839,0
23952,0
18186,1
7978,0
26402,0
17099,0
22229,1
3907,1
28053,0
16787,0
3316,0
331,0
8269,0
12227,1
6281,0
13293,0
30537,1
24616,0
23777,1
13602,0
31649,1
30680,1
4909,0
24078,0
31958,0
6220,0
26043,0
23062,0
906,1
7612,0
31547,1
30167,0
8870,0
18172,1
10102,0
284,1
25214,0
5679,0
31738,0
25482,1
13316,1
20761,1
30705,1
4740,0
2302,0
26005,0
30781,0
14116,0
30598,0
26651,0
9185,1
10306,0
15844,0
9811,0
21532,0
8316,0
20404,0
2086,0
11825,0
10618,0
21058,0
15030,0
20875,0
12980,0
25992,0
9649,0
20878,0
27461,0
9491,0
19125,0
15638,0
30223,0
24647,0
13659,0
10356,1
16862,0
29319,0
2295,0
11325,0
18493,0
31988,1
18854,0
14783,0
25617,0
10430,1
1361,0
21584,0
5931,1
31246,0
11806,0
10517,0
19945,0
19194,0
19095,0
28637,0
27153,0
21393,0
4293,0
12617,0
9016,0
21325,0
28802,0
12943,0
4920,0
19842,0
16719,0
7993,0
1016,0
31549,0
18852,0
10562,1
31821,0
15887,0
26561,1
21837,0
2257,0
14102,0
24603,0
32057,0
12920,0
23717,1
8558,1
22271,0
15606,0
19819,0
7807,0
7452,0
19253,0
31072,0
1637,0
13368,0
6489,0
24441,0
13238,1
4463,0
25908,1
23359,0
20434,1
14922,0
2744,0
28533,0
17696,0
13262,0
14805,1
4228,0
20042,0
9901,0
3673,1
13400,0
18331,0
32183,1
15867,0
7742,0
31873,0
11067,0
842,0
3574,0
5240,0
26594,1
12455,0
21819,0
7425,0
10280,0
7456,0
9454,0
10004,0
20904,0
31016,0
22130,0
32371,0
30310,0
19543,0
10230,0
6413,0
25974,0
30462,0
31933,0
17042,0
20986,0
28175,0
21750,0
26762,0
15089,0
1864,0
20572,0
27064,0
1595,0
8218,0
31850,1
12002,0
10564,0
857,0
22166,0
14552,0
11123,0
10220,0
27130,0
27905,0
29586,1
7517,0
30291,0
32449,0
26433,0
16195,0
29565,1
32062,0
19749,0
21092,0
4296,0
30633,1
1622,1
13663,0
22204,0
7002,0
13632,0
15968,0
12646,0
2736,0
3704,0
7001,0
22957,0
11914,1
31522,0
17635,0
31079,0
24218,0
14507,0
8812,0
18725,1
13018,0
5453,0
26288,0
14133,0
31524,0
13464,1
5415,0
18986,0
24553,0
6590,0
28064,1
18929,0
4198,0
21163,0
22783,0
7820,0
18955,0
3220,0
28657,0
15729,0
15037,0
24531,0
23828,0
17381,0
18068,1
12268,0
1956,0
1142,0
27866,0
21668,0
24807,0
7343,1
13590,0
17137,1
31381,0
12314,0
6293,1
20160,0
6938,0
16692,1
8976,0
4042,0
2420,0
16723,0
25338,0
27415,0
18417,0
24904,1
30047,0
22108,0
9151,1
10331,0
10993,0
9932,0
1702,0
10500,0
4813,0
15796,0
25867,1
30331,0
10482,1
9317,0
29430,0
26682,0
159,0
4041,0
13020,0
1129,0
6848,0
2531,0
1025,1
2141,1
12353,1
7247,0
27641,0
17302,0
4115,1
23688,0
14773,0
19479,1
594,0
9881,0
17540,0
4607,0
27205,0
417,1
7687,0
29858,0
1135,1
17810,0
31007,0
16694,0
20281,0
7670,0
28079,0
27212,0
12094,0
18992,0
2600,0
17270,0
8478,1
30444,0
11506,0
17351,0
14597,0
24269,0
12536,0
12102,0
6216,0
1271,1
6138,0
27822,0
8564,0
6753,0
32467,0
14487,1
20994,1
21343,0
24932,0
26568,0
11512,0
19621,0
11296,0
28126,0
450,0
20212,0
23379,0
26966,0
26902,0
12052,0
15211,0
24635,0
7448,0
1368,0
29106,0
16517,0
27137,0
13270,0
6694,0
23490,0
7022,0
415,1
27368,1
6752,0
16002,0
12493,0
30065,0
14296,0
11101,0
13610,0
14978,0
9918,0
31034,0
23834,1
11181,0
25640,0
26732,1
17560,0
3595,0
24471,0
22760,0
5670,0
8626,0
1862,0
18286,1
4059,0
23848,0
17243,0
17439,1
24841,0
28550,0
30479,0
12470,0
14265,0
13767,0
12593,0
26132,0
20858,0
19523,0
30271,0
14992,0
20190,0
5935,0
25244,0
31838,0
7759,0
13158,0
17713,0
24286,0
29186,0
8621,0
26978,0
1026,0
32213,0
21426,0
10396,0
12157,0
17394,1
8361,0
6203,0
13093,0
13457,1
1170,0
25203,0
30384,0
16047,0
15886,1
17224,0
18401,1
1133,0
19493,0
20339,0
30804,0
32567,0
16435,1
22443,0
14989,0
30737,1
24794,0
19507,0
13163,0
7357,0
13117,0
11133,0
31090,1
14513,0
25939,0
17269,0
30123,0
11568,0
22005,0
2645,1
1984,1
15506,0
28517,0
14046,0
32347,1
20179,0
13584,0
29626,0
23035,0
32356,0
17355,1
8930,0
20180,0
24282,0
15629,1
27929,0
24530,0
20807,0
5116,0
8594,1
1474,1
18066,1
3423,1
21245,0
9595,0
18187,0
1219,0
5440,0
20498,0
14545,1
4651,0
22143,0
9651,0
18619,1
20444,1
25272,0
31628,1
11366,0
21979,0
20705,0
25914,0
27576,0
21381,0
16306,0
5514,0
1776,0
28863,0
24056,0
32443,1
27108,0
25869,0
15820,0
15699,0
23350,0
5042,0
19943,0
7214,0
22889,0
157,1
22968,0
27406,0
11152,0
25263,0
4707,0
30522,0
16555,0
22415,0
11387,1
22187,0
5317,0
11033,0
6450,0
5380,0
15476,0
31844,1
8431,1
4591,0
25985,0
18055,0
28672,0
16817,0
20887,0
18879,0
32199,0
21856,0
15194,1
24693,0
15786,0
8056,0
28249,0
9723,0
22547,0
6683,0
11586,0
10351,0
5393,0
12018,0
15719,0
27942,0
10350,1
27903,0
24035,0
17028,0
27812,0
14389,0
11668,0
31753,0
28801,0
23189,1
28024,0
755,0
1184,1
18840,0
6537,0
7328,0
2895,0
8095,1
8887,0
6447,0
28317,1
23438,0
2530,0
19651,0
32150,1
7183,0
2488,0
16850,0
19111,0
15284,0
11088,0
27781,1
20738,1
10038,0
17743,0
7509,0
22826,0
17444,0
26721,0
12636,0
31348,0
18543,1
16824,0
29736,0
7744,0
31966,1
6937,0
21908,0
22883,0
21120,0
5471,0
11134,0
10168,0
32059,0
12426,0
1500,0
8125,0
6024,0
23875,0
6933,0
17121,0
13229,0
25676,0
14519,0
5059,1
18430,0
13702,0
20673,0
20137,0
1038,0
25899,0
6068,0
1844,0
21383,0
8498,1
15521,0
3341,0
32018,1
28376,1
517,1
19420,0
17256,1
25691,1
23554,0
1455,0
24528,0
9063,0
9474,0
3043,0
4017,0
15865,0
14592,0
19643,0
24076,0
4722,0
10990,0
21239,0
9554,0
2243,0
4936,0
175,0
21665,0
7544,0
1164,1
27969,0
26574,1
22620,0
22321,0
4815,0
30098,0
9393,0
1075,1
19438,0
7623,0
13784,0
23581,0
16102,0
14842,0
172,1
31762,0
251,1
28705,1
15960,1
21477,0
32254,1
12786,0
32332,1
516,1
22175,0
5341,0
20104,0
21739,0
15203,0
1980,0
23574,0
18977,0
8610,1
15551,0
18897,0
6554,0
11187,0
3552,0
23248,0
7989,0
31554,0
30368,0
11248,0
14185,1
32073,0
20979,0
27802,1
2357,0
9807,0
25234,0
27575,1
29154,0
20415,0
17676,0
14743,0
9226,1
13545,0
8341,0
3995,0
21227,0
20844,0
356,1
20713,0
13338,0
9214,1
12074,0
11613,0
31977,0
30485,0
9611,0
10273,0
19146,1
20196,0
21588,0
7825,0
17590,0
22476,0
24100,0
969,0
12274,1
20392,1
24169,0
22048,0
19696,0
18484,1
27850,0
10484,0
26358,1
2577,0
32580,0
3051,0
20954,0
12413,1
24632,0
28993,0
25562,0
17740,0
26607,0
2956,0
27887,1
29393,1
22876,1
29904,0
8206,0
712,0
31967,0
11043,0
26779,1
10201,0
12013,0
19476,0
31339,0
22000,0
16705,0
10802,0
12457,0
16224,0
23034,0
11960,0
22081,1
9770,1
10106,0
24785,0
16176,0
9293,0
28787,0
29036,1
19182,0
24010,0
7181,0
26669,0
26203,0
26752,0
31107,0
31082,0
30003,0
20629,0
12945,0
13349,0
10454,0
21700,0
16524,0
5073,0
32069,1
32138,0
18749,0
13339,0
5090,0
17533,1
30319,0
14599,0
12190,0
2921,0
28654,0
20873,0
27861,0
21266,0
24153,0
15038,0
30446,0
2993,0
100,0
2483,1
19418,0
15514,0
29752,1
13153,0
1890,0
19169,0
29923,0
1168,0
26328,0
5138,0
460,1
18732,0
16305,0
14646,0
3405,0
31720,0
14391,0
16945,0
664,0
11691,0
3511,0
23286,0
11034,0
11213,0
28190,0
18651,0
23560,1
19036,0
7548,0
25820,1
6202,0
15402,0
24226,0
24250,0
25704,1
7860,0
27737,0
10735,0
7030,0
30673,0
16113,0
4010,0
2151,0
12372,0
21453,0
28455,0
23000,0
22584,0
18036,1
27531,0
16838,0
14399,0
5047,1
21566,0
22347,0
14233,0
5519,0
9622,0
31063,0
14617,0
1277,1
23225,0
470,0
30820,0
14228,0
11683,0
19324,0
4175,0
14134,0
437,1
20461,0
25856,0
23460,0
6409,1
20752,0
6241,0
21197,0
31038,0
15025,0
31862,0
31600,0
27588,0
2117,0
4290,0
25031,1
26635,0
28004,1
1997,1
14775,1
2035,0
4420,0
4149,0
9538,0
6759,0
28999,0
26159,0
20400,0
6745,0
4156,1
26072,0
18470,1
32503,0
3792,0
22733,0
4032,0
20923,0
20162,0
15791,0
5808,0
6070,0
6483,0
4088,0
8277,0
6990,1
22679,0
26796,1
11300,0
23287,1
27725,0
7160,0
447,1
15411,0
21838,0
21826,0
6700,0
10994,0
24077,0
3042,0
15523,0
18330,0
21625,0
18217,0
266,0
16141,0
17933,0
31365,0
3508,0
16299,0
28976,1
10823,0
27273,1
8324,0
401,1
18488,0
23349,0
7950,0
17194,0
19325,0
22375,0
29189,0
9412,0
10672,1
8636,0
6067,0
6638,0
12847,0
9289,0
28804,0
14670,0
9431,0
23365,0
10002,0
13652,0
22215,0
10626,0
3291,0
21000,0
20002,0
22864,0
14625,0
5034,0
18874,1
7201,0
28323,0
11652,0
18340,1
21890,0
7648,0
23682,0
2780,1
13429,0
31681,0
32427,0
13176,0
6809,0
20976,1
19781,0
6930,0
31694,1
11927,0
30915,0
14506,0
16045,0
26427,0
31259,0
26642,0
3159,0
2254,1
31944,0
31751,0
28714,0
31685,0
16629,0
29806,1
3575,0
19387,0
27156,0
12848,0
25945,0
6110,1
6578,0
9779,1
1262,0
16443,0
19854,0
20972,1
14311,0
29925,0
16621,0
28753,0
28135,0
14779,0
25513,0
27392,0
20098,0
12874,0
24576,0
18469,0
25058,0
26810,0
5283,0
12037,1
29537,0
213,0
32570,0
13846,0
13801,0
7854,0
4839,0
23761,0
25739,0
12200,0
7242,0
5754,0
13515,0
10888,0
32004,0
16253,0
19406,0
5603,0
31391,0
25557,0
6488,1
18948,0
30317,0
4749,0
6823,0
1228,1
19692,1
17423,0
18224,1
31644,1
28029,0
23158,1
26285,0
10187,1
13866,0
3111,1
21623,0
18846,0
30146,0
27323,0
13040,0
7702,0
31811,0
28722,1
6235,0
24398,0
27841,0
28647,0
18750,1
2180,0
21917,0
10816,0
2964,0
30554,0
11464,0
8285,1
7492,0
22135,0
16323,0
10659,0
22231,1
29291,0
14474,0
7169,0
13860,1
4325,1
15747,0
20303,0
15684,0
2915,1
17388,0
16364,0
26434,0
12051,1
24559,0
19431,0
5013,0
13010,0
18553,1
2283,0
16104,0
13817,0
12708,1
7055,0
18175,0
9851,0
855,0
26971,0
13654,0
5965,0
16597,0
13972,0
23021,0
24650,0
13522,0
11969,0
24738,0
5300,0
10415,1
13097,0
8212,0
28699,0
19640,0
4855,0
28643,0
1945,0
6515,0
12257,0
28744,0
21416,0
3935,0
12670,0
2246,1
8012,1
9699,0
4275,0
29134,1
22663,1
28640,1
3308,0
32030,0
28735,0
28461,0
5645,0
18793,0
23031,1
11975,0
3021,1
7894,0
11329,0
26545,0
14004,0
23724,0
5336,0
30413,0
156,1
3245,0
14183,0
10190,0
20686,1
4438,0
12138,0
29902,0
1572,0
15675,0
15138,0
23996,0
4837,0
2267,0
20232,0
26842,0
27660,0
1466,0
29021,0
19188,0
5716,0
11574,0
26430,0
27057,0
11010,0
26350,0
10530,1
11404,0
12538,0
31335,1
12305,0
14081,0
10584,0
5999,0
5007,0
28310,0
29006,0
23334,0
3643,0
2788,0
2303,0
3217,0
19700,1
4214,0
28507,0
16569,1
30418,0
12998,0
27113,1
27446,0
10619,0
28859,0
19855,0
12003,0
12522,0
7596,0
15825,0
19797,0
22709,0
27809,0
19424,0
22072,0
658,1
25331,0
28781,0
15509,0
22881,1
20717,0
5171,0
28439,0
14781,0
8622,0
28097,0
3218,1
1513,0
31622,1
15227,0
2674,0
25035,0
10758,0
1757,0
7680,0
25868,0
26912,0
26733,0
5418,0
24293,0
6733,0
29451,0
1154,1
29563,0
18145,1
19513,0
22891,0
24114,0
25084,1
30789,0
9093,0
22213,0
3412,0
16008,0
3481,0
14366,0
28066,0
20798,0
15193,0
28084,0
12248,0
256,1
14735,0
2693,1
11559,0
26964,0
28716,0
5726,0
15468,0
24192,0
7878,0
16069,0
37,1
5180,0
31803,0
15155,0
1119,0
11342,0
8620,0
5454,0
15674,0
18015,0
29653,0
11744,0
19591,0
8909,0
31577,0
27490,0
14825,0
665,0
16119,0
20770,1
9592,0
22404,0
8767,0
26769,0
404,1
22997,1
19105,1
1968,0
16135,0
16362,1
30002,0
7575,0
3034,0
8066,0
2730,0
3227,0
9816,0
7961,0
31251,0
2519,0
20957,0
6711,0
27478,0
30270,0
13569,0
19430,0
11429,0
15519,0
25390,0
10333,0
26829,1
31168,0
27769,0
23085,0
25831,0
23526,0
26293,0
18202,1
9422,0
7166,0
29334,0
22569,0
8379,0
26201,0
30972,0
8312,0
18674,1
19827,0
26463,0
2208,1
20724,0
19559,1
30363,0
31004,0
30284,0
7219,0
9046,0
20696,0
20060,0
24776,0
26063,0
24872,0
17038,0
19116,0
2285,0
7107,0
21638,0
15901,0
6334,0
12666,0
1563,0
4990,0
10548,0
17247,1
8356,0
2264,1
8292,0
9501,1
30176,0
12831,0
7641,0
1777,0
8837,0
19807,0
1480,1
8516,0
2583,0
18951,0
24055,0
17171,0
6175,0
20826,1
16956,0
22793,0
32082,0
21290,0
18347,1
26211,0
9902,0
32075,0
22266,0
17298,0
20494,0
29502,0
11541,0
23272,0
15299,0
4049,0
3179,0
15360,1
30856,1
17372,0
22803,0
14440,0
12736,0
28214,0
9254,0
28962,0
16593,0
23231,0
8430,0
22983,0
17770,0
20485,1
31585,0
19085,1
510,0
7205,0
3599,0
12113,0
23267,1
27655,0
3640,0
29379,0
17416,0
4613,0
16370,0
28333,0
4035,0
10018,1
19349,1
16012,0
13668,0
16268,0
23187,1
30971,0
24652,0
16549,0
21171,0
26956,0
12679,0
31717,0
29980,0
10922,0
7764,1
14129,0
28717,0
31613,0
27635,0
27072,0
20596,0
31498,0
18839,0
247,0
11959,0
12433,0
27946,0
20746,0
6318,1
20192,0
18841,0
16237,0
3605,0
21691,0
15956,1
17116,1
27200,0
12699,0
29223,0
9925,0
25543,0
31402,0
24631,0
322,0
6208,0
31785,0
31242,0
7558,0
27989,0
4643,0
2941,0
7773,0
5446,1
17233,0
1575,1
20306,0
26227,0
30579,0
6472,0
10324,0
29361,1
6383,0
14376,0
24745,0
17828,0
15983,0
12554,0
21981,0
30745,0
14289,0
2816,0
20159,0
21752,0
21123,0
11382,0
28285,0
26803,0
7274,0
28274,0
17683,0
2859,1
13274,0
29650,0
20849,0
13212,0
2259,1
25801,0
21896,0
11677,0
31552,0
30719,0
3347,0
30192,0
24353,0
25819,0
15708,0
8980,0
18598,0
23954,0
28203,0
27233,0
16795,0
26034,0
3632,1
3516,0
29205,0
32367,0
8106,0
29390,0
21519,1
24605,0
24395,0
2472,0
31962,0
29710,0
14531,0
31180,0
9486,0
15998,0
29166,0
12458,0
29341,0
28771,0
9742,0
12435,0
23259,1
16757,1
24092,0
17481,0
19920,0
25251,0
29042,1
31797,0
13699,0
25005,0
1694,0
12494,0
17566,0
17758,1
11942,0
951,1
27441,0
11737,0
5777,0
7190,0
6316,0
16615,0
23077,0
6414,1
5018,0
25024,0
32336,0
22101,1
6088,0
6522,1
7508,1
22199,0
29963,1
27148,0
23915,1
7570,0
12510,0
4301,0
4517,0
6734,0
29493,0
16162,1
23370,0
3107,0
20637,0
24513,0
22712,0
21404,0
4555,0
28726,0
29532,0
30308,0
23756,0
24259,0
6170,0
11739,0
1623,0
5515,0
8751,0
24188,0
11812,0
27877,0
21260,0
7014,0
22042,1
2763,0
2773,0
18190,1
4538,0
16366,1
26722,0
18281,1
12957,0
5970,0
12535,0
1795,1
19739,0
30874,1
17720,0
19466,0
25226,0
11663,0
14892,1
31624,1
25386,0
7533,0
30470,0
281,0
30088,0
25932,0
26495,0
7795,0
14353,1
26009,0
18403,0
30858,1
31159,0
2493,1
14344,0
13818,0
20501,0
14935,0
18012,1
7770,0
24176,0
28620,0
31510,0
31223,0
648,1
24491,0
22294,0
21580,1
4781,0
18270,0
19090,0
29803,0
22417,0
32203,0
809,0
13443,1
30443,0
4422,0
27858,0
9712,0
2087,0
4973,0
31182,1
11444,0
16428,0
9506,0
26284,0
9635,0
4824,0
22050,0
12792,0
3630,0
27910,0
6343,1
29813,0
1127,1
17140,0
1365,0
15950,1
7445,0
32513,0
6062,0
17087,0
23699,0
31436,0
8092,0
24135,0
27904,0
21878,1
11827,0
11891,0
21639,0
446,1
7502,0
25471,0
9574,0
14746,0
13848,0
8108,0
474,1
10442,0
31742,0
13394,0
28914,0
9783,1
6081,0
16402,0
18365,0
22068,0
18326,1
25887,0
5557,0
16925,0
21785,0
28524,0
9407,0
18702,1
21102,0
21247,0
14492,0
12414,0
22874,0
1473,1
23227,0
15069,0
25130,0
26273,0
16379,0
3298,0
16624,0
26738,1
7631,0
7237,0
31027,0
18059,0
29339,0
19965,0
32497,0
11566,0
10366,0
25677,0
32147,0
8898,0
17544,0
12925,1
6615,0
22080,0
30866,0
31765,0
472,1
10277,0
21843,0
17141,1
1360,0
15789,0
301,1
15219,1
26628,0
18746,1
14009,0
31253,0
13755,0
31871,0
32366,0
26994,0
14813,0
13674,0
16920,1
11923,0
24792,1
23780,0
1970,0
24550,0
17255,0
27980,0
3950,0
29091,0
11227,0
5657,0
8214,1
28050,0
24903,1
29823,0
16246,0
32522,1
5076,0
5517,0
18061,0
16488,0
4361,0
8173,0
24880,0
7047,0
15904,0
18256,0
5927,0
14508,0
26664,0
17221,0
19715,0
11388,0
13712,0
19384,0
18509,1
2203,0
21121,0
26345,0
400,0
15212,0
12161,0
4168,0
14686,1
6861,1
5167,0
4610,1
24854,0
24337,0
12542,0
27599,0
32198,0
27295,0
32338,0
31579,0
8362,0
24031,1
3096,0
23251,0
6230,0
15394,0
11936,1
31229,0
27221,0
133,1
22223,0
25782,0
16385,0
22111,1
18056,0
25140,1
4319,0
4594,0
10722,0
32526,0
26792,0
12907,0
6285,0
18880,0
20213,0
21441,0
23846,0
30588,0
1080,1
26673,0
14887,1
28209,0
21304,0
14573,1
1392,0
17117,0
2320,0
2365,0
21435,0
10858,0
843,1
6736,0
28087,0
14993,1
32466,1
14766,1
11074,0
931,0
20361,0
25620,0
6395,0
9114,0
9926,0
11355,0
4424,1
23713,1
22439,0
13896,0
24675,0
5880,0
10995,0
29960,0
22225,0
22517,0
18026,0
5666,0
1579,0
16871,0
4553,0
28952,0
25858,1
17707,0
9685,0
30214,0
6686,0
17304,0
19486,0
29019,0
19729,0
11076,0
8074,0
10156,0
21983,1
29660,0
16605,0
22245,0
16220,0
7834,0
18402,0
22194,0
28172,0
10030,0
29370,0
19442,0
17252,0
4222,0
11370,0
5154,0
8548,0
20374,0
9520,0
11545,0
13993,0
22662,0
30635,0
17974,0
6543,0
9328,0
1574,0
28125,0
23397,0
29385,1
22449,0
11006,0
10080,1
19931,0
1137,0
13154,0
7791,0
21365,0
5946,0
10101,0
15364,0
20184,0
4317,0
6783,0
12067,0
16287,0
19506,0
30940,0
27065,1
17932,0
26428,0
3457,0
10423,1
14701,1
12040,0
12607,0
17379,1
3493,0
12914,0
2810,0
8641,0
15056,0
23614,0
2599,1
24273,0
31908,1
12867,0
16245,0
20590,0
18597,0
1753,0
5692,0
24923,0
10666,0
10511,0
24934,0
29844,0
23854,0
31304,0
16468,0
3028,0
22089,0
4218,0
7384,0
12716,0
23900,1
31713,0
8,1
19590,0
11352,0
18300,1
29447,0
31162,0
22994,0
9183,0
22604,1
8477,0
25582,0
17990,0
19489,0
6614,0
4509,0
6055,0
4534,0
26229,0
27685,0
3249,0
4384,1
18505,0
1313,0
22966,0
15765,0
19398,0
28417,0
28794,0
25430,0
9564,0
21611,0
27939,0
16229,0
4692,0
7477,1
19386,0
18375,1
19904,0
11274,0
10509,0
27091,0
18623,0
19951,0
28860,1
17914,0
32435,0
229,0
28445,0
27675,0
3146,0
5849,0
21753,0
14207,0
15818,0
9448,0
10470,0
24166,0
6826,0
18503,0
5416,0
5618,0
20194,0
5407,0
8952,0
22011,0
25950,0
715,0
15449,0
3312,0
5775,0
30896,0
6886,0
3794,0
10458,0
24905,0
29673,0
18940,0
2495,1
3840,0
25492,0
11673,0
22667,0
12967,0
3381,0
21489,0
1128,0
27236,0
25652,0
4472,0
2564,0
21823,1
20106,0
26835,0
26330,0
18998,0
14700,0
5952,0
8428,0
28595,1
3591,0
23750,0
8824,0
13630,0
7556,1
4250,0
14952,0
9380,0
31735,0
15524,0
17742,1
24181,0
30311,0
8142,0
22742,0
17459,0
1108,0
5099,0
6867,0
22919,0
14481,0
9633,0
2249,1
1646,0
19361,1
25246,0
25798,0
19025,0
10733,0
17111,0
22435,0
25087,0
23845,0
19449,1
3845,0
4840,0
3414,0
10959,0
6507,0
18627,1
4441,0
21816,1
5637,0
14137,0
17599,0
18432,0
22228,0
31153,0
3485,0
4653,0
1915,0
4604,0
27126,0
5770,0
17638,1
4240,0
19312,0
21546,0
25699,0
18294,0
4443,0
14635,0
151,1
25180,0
24048,0
19405,0
26224,0
12460,0
19957,0
4193,0
13237,0
115,1
13644,0
16355,0
17327,0
16272,0
26012,0
5624,1
6115,1
32193,0
7954,0
29246,1
23413,0
13228,0
1044,1
8018,0
23124,0
8315,0
23435,1
8332,0
21660,0
30145,0
29629,0
2351,0
27643,0
32133,0
6211,0
15257,0
5989,0
18385,0
28917,0
32251,0
30448,0
23150,0
7088,0
23896,0
14615,0
12277,1
4029,0
3407,0
20517,0
27517,0
4933,0
5547,1
8496,0
30976,0
6151,0
26349,0
4028,0
29866,0
6702,0
30105,0
26833,1
9471,0
26106,0
24732,0
14998,0
11359,0
29949,0
31110,0
21648,0
17744,0
26070,0
19701,1
23105,0
26508,1
30174,0
12765,0
28019,0
2728,0
12686,0
30881,0
32175,0
12408,0
11856,0
23441,0
2603,0
12301,0
32337,0
27100,0
26820,0
25183,0
31773,1
22931,1
3587,0
7074,0
25250,0
531,1
7789,0
8545,0
11112,1
19047,0
32544,0
26756,0
18086,0
5860,1
11675,0
10056,0
19990,1
21802,0
22114,0
2635,0
23700,0
19400,1
5275,0
4083,0
20641,0
27673,0
24686,0
14406,0
13932,0
17579,0
9890,0
11345,0
23008,1
2064,0
11090,0
3472,0
27544,0
29522,0
26399,1
13978,0
8343,0
8739,0
24972,1
13998,0
27674,0
27427,0
31006,0
20071,1
21047,0
11999,0
20653,0
14313,1
4037,0
7634,0
23162,1
21082,0
10702,0
9308,0
6274,0
16433,1
18675,1
27247,0
15881,1
12841,0
26686,0
23073,0
11521,0
5686,0
8962,0
1124,1
14158,1
18728,1
2671,0
4913,0
6341,0
601,0
4590,0
11862,0
3891,0
5105,0
21614,0
12923,0
10094,0
5295,0
25774,0
750,1
20359,0
887,0
14786,0
10938,0
14699,0
31491,0
12014,0
28412,0
22727,0
1543,0
3678,1
5439,0
7064,1
22397,0
13575,0
13763,0
21742,0
15209,0
23512,0
18779,0
1027,0
23714,0
17539,0
25578,0
24417,0
16112,0
796,0
19821,0
23083,0
30325,0
17813,0
20581,0
28895,0
9184,1
13022,0
29658,0
9295,1
24821,0
22286,0
26339,0
11224,0
15236,0
5549,0
23104,0
32369,0
21080,0
15026,0
26087,1
9669,0
12432,0
28711,0
9105,0
6340,1
27308,0
22624,0
21211,0
28987,0
7311,0
25150,0
227,1
22428,0
30217,0
10789,0
29371,0
17267,1
29795,0
19297,0
3377,0
19656,0
638,1
9587,0
27177,0
19519,0
26650,0
15432,1
24678,0
25995,0
30083,0
3090,0
28410,0
28163,0
14965,0
11911,0
28150,0
24066,0
18207,0
21539,0
28421,0
13058,0
1235,1
8510,1
28465,0
8867,0
20149,0
27304,0
19234,1
828,0
4776,0
8663,0
5297,0
31474,0
24418,0
1642,0
8487,1
20174,0
22021,0
9115,0
11546,0
27437,0
15642,0
9074,0
28314,1
27975,1
9414,0
16467,0
3680,0
16484,0
14609,0
14016,1
6923,0
15607,0
12506,0
18967,0
1926,0
27114,1
5534,0
3919,0
28247,0
31091,0
10486,1
5815,0
1196,1
3182,0
2184,0
248,0
10714,0
12837,0
3450,0
13222,0
9799,0
28116,0
29345,0
30848,1
1527,1
1631,0
27336,0
17762,1
12562,0
19896,1
7632,0
20880,0
26781,0
31702,0
18062,0
22169,1
28491,0
10630,0
8048,0
10291,0
314,1
21720,0
11930,0
7859,0
4254,0
26410,0
1267,1
7856,0
25583,0
10363,0
22885,0
26331,0
14362,0
4812,0
32560,0
26714,0
30294,0
6457,0
10779,0
12759,1
12732,0
8722,0
25613,0
26107,0
30336,0
8709,0
19662,1
5008,0
1902,0
961,1
31364,0
24791,0
21248,0
1882,0
16519,0
8305,0
716,1
17941,0
5160,0
22986,0
1835,0
3323,0
13893,0
24659,0
18322,1
13096,0
1722,0
13985,0
8617,1
19179,0
29292,0
30242,1
5494,0
26348,0
11788,1
25949,0
1476,0
13626,1
5285,0
26621,0
31750,0
20874,0
5550,0
1971,0
6581,0
19955,0
106,0
32194,0
27498,0
19525,0
32308,0
6981,0
5229,0
7346,0
6044,0
6485,0
14429,0
2209,0
16307,0
5204,0
15517,0
4680,0
13314,0
26599,0
30506,1
19128,1
12269,0
18729,1
3532,0
23372,0
5121,0
8715,0
30948,0
26186,0
11308,0
2115,0
19565,0
28958,0
24813,0
11138,0
15644,0
14764,0
19645,0
7488,0
21547,0
22696,0
2830,0
5525,0
21067,1
8632,0
26485,0
8652,0
10940,0
17721,1
30900,0
14833,0
6659,0
7605,0
30770,0
4360,0
29218,1
31098,0
4965,0
13938,0
449,0
2718,1
4027,0
21282,0
30573,0
26194,1
22045,0
15609,1
13931,0
20538,0
26103,0
14564,0
7153,0
7007,0
21264,1
13035,0
5676,0
23661,0
4775,0
31812,0
25449,0
19086,1
28499,0
16521,0
18898,0
4197,0
24914,0
17123,1
14869,0
10982,0
13766,0
26844,0
1372,0
11000,0
7991,0
11441,0
8097,0
5492,1
15263,1
13688,0
19952,0
13726,0
31833,0
20333,0
24985,1
30137,0
26280,0
29347,0
4877,0
9387,0
24725,0
23465,1
29918,0
31894,0
29788,0
26507,0
30380,0
12167,0
19359,1
16201,0
2146,0
27038,1
9220,0
7209,1
26986,0
23649,0
5971,0
28825,0
4504,0
7208,1
6136,0
4435,0
12289,0
19432,0
9808,0
31261,0
10206,0
14503,0
20758,0
3786,0
11256,0
11206,0
29680,0
26448,0
16812,0
14744,0
13608,0
18776,0
6471,0
17043,0
3424,0
7847,0
10937,0
23568,1
18918,0
22431,0
25207,0
4634,0
17279,0
29171,0
29783,0
26158,0
10252,0
25060,1
10642,1
24900,0
18218,0
6556,1
21351,0
29326,0
32009,0
1880,0
2057,0
23997,0
19791,0
31240,0
23936,1
9650,0
7706,0
25736,1
14190,0
15371,0
14359,0
6436,0
29016,0
8342,0
11288,0
5261,0
4798,0
19649,0
21839,0
12599,0
29830,0
7823,0
27582,0
29776,0
16103,1
18210,0
1849,0
12361,0
10034,0
1784,0
569,0
24853,0
5,1
16668,1
16716,0
2309,0
32140,0
24252,0
3035,0
22436,0
3600,0
8403,0
28612,0
17056,1
25156,0
24404,0
27075,0
20777,0
11196,0
30513,0
3646,0
9279,0
9080,0
26514,1
14427,0
20846,1
30937,0
16859,0
25375,1
30055,0
10552,0
23586,0
13782,0
29506,0
10261,0
26096,0
20152,0
24416,0
7921,0
22070,0
16016,0
23939,0
4153,0
18333,1
21871,0
18309,0
15446,0
5077,0
19412,0
31647,0
2815,0
20454,0
21905,0
13126,0
16608,0
7832,0
9665,0
20403,0
19258,1
10884,0
10064,0
14509,0
22940,0
27102,0
14418,1
13762,0
31333,0
853,0
5334,0
23612,0
13248,0
13928,0
2224,0
14533,0
10281,0
8774,0
4221,0
14367,1
9023,0
1144,0
23556,0
18350,1
26633,0
22748,0
27602,0
5964,1
21852,0
2655,0
15692,1
7999,0
27800,0
25649,0
15743,1
2661,0
2136,1
23176,0
22614,0
24298,1
9027,0
707,0
20145,0
30385,0
30015,0
16911,0
20869,0
2447,0
7006,0
13614,0
7086,0
30341,0
13002,0
24159,0
24461,0
26002,0
11949,0
11093,0
22510,0
16689,1
30016,0
12830,0
28937,0
4299,0
31660,0
16407,0
18312,1
18226,0
27429,0
10254,0
14850,0
25986,1
30239,0
19305,0
26817,1
7225,1
13735,0
3679,0
29192,0
24143,0
21989,0
1117,1
26061,1
30050,0
18108,1
26127,0
10570,0
15190,0
347,1
6307,1
19337,1
8823,0
2406,0
26831,1
26121,0
27863,1
22914,0
17924,0
15462,1
22251,0
4626,1
19115,0
26924,0
15626,0
20557,0
26278,0
30164,0
26086,0
1585,1
28129,0
23333,1
26305,0
28920,0
7741,0
7719,0
23498,0
25008,0
1028,0
21269,0
27110,1
13620,0
16591,0
8189,0
5054,0
28428,0
11800,0
6451,0
22855,1
29211,0
25253,0
18383,0
28371,1
8359,0
21207,0
13619,0
28015,0
18109,0
9015,0
11795,0
16226,0
14135,0
2647,0
4220,0
16251,0
20037,0
5189,0
530,1
27502,0
13275,0
1506,0
6146,0
18007,0
13968,0
28480,0
16022,0
9009,0
18671,0
15501,0
21198,0
6941,0
302,0
20666,0
12987,0
26277,0
31412,0
19637,0
15728,0
29832,0
26799,0
12452,0
24844,0
12244,1
3559,0
25095,0
19742,0
28168,0
25107,0
5395,0
28137,1
6684,0
30367,0
30011,0
16292,0
13360,0
22689,0
18564,1
2843,0
30096,0
12368,0
8058,0
27764,0
9830,0
25621,0
10288,1
5369,0
29428,0
26497,0
22722,0
15507,0
24377,0
23764,0
25611,0
16886,0
25435,0
27253,0
21462,0
5114,0
2994,0
5350,0
7496,0
20562,0
25419,0
20103,0
19755,0
19932,0
30075,0
19269,0
5785,0
10406,0
11990,0
1373,0
8586,1
20981,0
23953,0
29733,1
20518,0
3474,1
4753,1
22040,0
1787,0
32406,0
21940,0
4253,0
1410,0
32331,0
6242,0
27735,0
2504,0
10786,1
27851,1
19597,0
22200,0
7054,0
20134,0
946,1
4332,1
18767,1
29335,0
21724,0
4953,0
10498,0
32507,0
9959,0
5120,0
3160,0
32172,0
1720,0
13576,1
4801,0
3046,0
31202,0
2509,0
10508,1
11029,0
3522,0
6181,0
29185,0
3494,1
19094,0
22094,0
30322,0
24060,0
5316,0
29741,0
16698,0
29054,0
26041,0
29491,0
21718,0
1001,1
3999,0
1389,0
18659,0
5562,1
4338,0
386,0
26743,0
21620,0
32430,0
31910,0
23254,0
11009,0
28948,0
29913,1
3901,1
27860,0
708,0
25634,0
30109,0
31557,1
17088,0
30604,0
24217,0
22866,0
26943,1
25327,1
12578,0
15833,0
9333,1
18479,0
21398,0
1909,0
4527,0
8900,0
6758,1
25786,0
29413,0
28130,0
16733,0
18302,1
2470,0
7003,1
465,0
28853,0
26753,1
17260,0
12061,0
14188,0
7129,0
4898,0
8105,0
32474,0
7253,0
31228,0
5452,0
16340,0
2697,0
2751,0
26709,0
1244,0
12016,0
3261,0
15834,0
26020,0
29314,1
24802,0
26947,0
27591,0
7167,0
15489,0
6552,0
983,1
32168,0
19247,0
27854,0
2868,0
16623,0
19358,1
16289,0
9487,0
19756,0
4759,0
13923,1
15084,0
30817,0
17307,0
32,1
19710,0
9892,0
25383,0
11553,0
25956,0
18700,1
12548,0
8448,0
23883,0
14864,0
22799,0
7638,0
21023,0
14905,0
1615,0
23681,0
20437,0
10009,1
31326,0
15088,0
14543,0
10804,0
5719,0
8416,0
21947,0
21674,0
12587,0
6896,0
129,1
5175,0
3562,0
2336,0
18764,0
4602,1
6078,0
3442,0
3851,1
23082,0
13920,0
31670,1
28980,0
19054,1
15290,0
8542,1
5944,0
32330,0
815,0
6953,0
1847,0
877,1
1107,0
31826,0
17405,1
12701,1
11081,1
7375,0
10725,0
1065,0
11844,0
9936,0
2127,0
10358,1
10066,1
5847,0
8320,1
31931,0
24612,0
25415,0
3570,1
20964,1
23823,0
4992,0
16957,0
11386,0
28881,0
14765,0
9968,0
18683,0
11490,0
15977,1
22243,0
24268,0
16300,1
2904,0
10330,0
26189,0
5496,0
24433,0
9645,0
5477,0
11742,0
17680,0
22239,0
22595,0
11100,1
13964,0
29494,0
25670,0
12752,0
20682,0
9055,0
21299,1
26040,0
24070,0
29529,0
11173,0
7355,0
22630,0
4728,0
30132,0
9212,0
28658,0
657,0
16927,0
15296,0
19748,0
28734,0
18053,1
14896,0
23410,1
28003,0
27918,0
9282,0
28199,0
23695,0
21749,0
8295,0
13313,0
8793,0
8716,0
6185,1
3391,0
10122,1
12454,0
28899,1
17322,0
11272,1
15876,0
23535,0
28623,0
25110,1
4219,0
12229,0
24969,0
12412,0
27175,0
24829,0
20922,0
9109,0
10703,0
23271,0
15418,0
14891,1
19633,0
29869,0
10583,0
16606,1
27898,0
4227,0
19428,0
6987,0
13965,0
26539,0
10226,1
18670,0
17407,0
22066,0
22912,0
2396,0
3389,0
7559,0
29761,0
31877,0
3033,0
13324,0
158,0
8567,0
23787,0
17820,0
12282,1
22902,0
12733,0
14042,0
8616,0
11171,0
15420,0
14428,1
30702,0
30546,0
14112,0
28531,0
23873,1
22147,0
633,1
422,1
16344,0
15687,0
1690,0
24231,0
9405,0
15354,0
28799,0
12241,1
25029,0
25290,0
23202,1
2261,0
31356,0
13243,0
16131,1
6875,0
28113,0
15584,0
31497,0
25100,0
12912,0
15981,0
31872,0
25602,0
6885,0
4393,0
31528,0
11018,0
1215,1
28351,1
12756,0
12557,0
30245,0
8240,0
14951,0
18578,0
18188,0
13327,0
14791,1
20070,1
2609,0
20211,0
12662,0
23505,0
18060,0
7272,1
27320,0
10563,0
14304,0
165,0
13679,0
32241,0
11782,0
11158,0
5211,0
1177,0
8282,0
14393,0
30376,0
25607,0
32486,0
9744,0
11519,1
31363,0
17767,1
18041,1
5881,0
8917,0
16258,0
20223,0
14422,0
22752,0
10947,0
10531,0
24638,0
11254,0
14172,1
17249,0
24383,0
17162,0
11465,0
17685,0
23969,1
14605,0
11440,0
26813,0
11935,0
13974,0
31046,0
4873,0
14824,1
7243,0
23443,0
26748,1
25716,0
4615,0
30471,1
16449,0
19718,0
3202,0
19567,0
28359,0
12201,0
2122,0
23959,0
10942,0
20759,0
8000,0
9705,1
11416,0
15660,0
31248,1
4708,0
31075,0
6692,0
5438,0
5561,0
27530,0
15274,0
18035,1
5282,0
11592,0
29022,0
29516,1
2719,0
21886,0
26344,0
31377,0
19101,0
8868,0
32195,0
32101,1
27291,1
6022,0
10916,0
3756,0
24684,0
3766,0
8335,0
7217,0
7737,0
15826,0
18471,0
19485,0
26268,0
361,0
11107,0
16298,0
358,0
1621,1
568,0
1873,0
8034,0
4895,0
23140,0
21632,0
5556,0
17972,0
24187,0
31288,0
19364,0
20933,0
19759,0
24239,0
31736,0
9462,0
28271,0
28009,0
19381,1
18883,0
29303,1
26003,0
14457,0
25177,1
9257,0
24561,0
8694,0
18083,0
24036,0
12232,1
5095,1
28335,0
812,0
21821,0
19060,0
7721,0
21043,0
10793,0
10050,0
19243,0
32398,0
18876,0
12880,0
25409,0
30640,0
29503,0
1192,0
18713,1
21976,0
25603,0
11530,0
11852,0
25518,0
13037,0
10673,0
27682,0
16888,1
2327,0
3526,0
4940,0
4632,0
32333,0
27166,0
1609,0
18577,0
18791,0
26271,0
32523,0
30326,0
19347,1
11768,0
2435,0
23731,0
5001,0
29671,0
22008,0
21541,0
18478,1
25048,0
26468,0
3013,0
9163,1
15268,0
17094,0
30344,0
11535,0
439,0
21583,0
5362,0
945,1
32511,0
9024,0
29631,0
26615,0
19967,0
20535,1
29308,1
29138,0
9683,0
32309,1
20276,0
21100,0
4744,0
26363,0
15502,0
17353,0
27881,0
20628,0
17949,1
14975,0
16510,0
12340,1
11135,0
21358,1
31012,0
20486,1
10048,0
10824,0
25685,0
27795,0
13041,0
13685,0
21599,0
30831,0
1444,1
6001,0
6056,0
4794,0
6126,0
16947,0
10125,0
30197,0
11898,0
17036,0
26719,0
1094,0
15657,0
30747,1
26570,0
22616,1
10757,0
27242,0
7785,0
14088,0
28693,0
4390,0
29622,0
19585,0
32415,0
3419,0
6576,0
24779,0
7979,0
20138,0
19858,0
2890,0
26283,0
19799,0
15862,0
20551,0
31196,1
23664,0
30884,0
20642,0
15015,0
3708,1
21653,0
20349,1
2545,0
13514,0
31092,0
30792,0
5298,0
32029,1
11636,0
29232,0
14945,0
225,1
4885,1
11946,1
9162,1
9244,0
14395,0
784,0
29623,0
16774,0
5031,1
22272,1
22535,0
32011,0
7549,0
23987,0
2475,1
30959,0
26223,0
14404,0
5859,0
18860,0
18252,1
18568,0
4987,0
7565,0
509,1
6742,0
5911,0
1959,0
20555,0
31030,0
30100,0
21622,0
16938,0
27280,1
26049,0
32312,1
1327,0
11583,0
10478,1
20413,0
3547,0
13983,0
21427,0
8408,0
25404,0
10398,0
27241,0
5773,0
22110,0
27978,0
23418,0
31037,0
846,0
19638,0
2386,0
30478,0
24001,1
16264,0
8442,1
948,1
31265,0
25700,0
31858,0
25166,0
11642,0
43,0
27169,0
26997,0
4015,0
2191,0
698,1
8191,1
28069,0
27408,0
3519,0
16693,0
12093,0
28963,0
4746,0
11870,0
15463,0
32017,0
4941,0
17442,0
96,0
17358,0
9569,0
25879,1
3085,0
32389,0
27387,0
7044,0
4457,0
8299,0
21943,0
17435,0
10817,0
29957,0
10923,0
4340,0
8167,0
26436,1
7866,0
527,0
22561,0
11436,0
16979,0
5489,0
19704,0
24728,1
14514,0
20903,0
29688,0
10265,0
13297,0
15055,0
5182,0
2573,0
28572,0
28182,0
20631,0
27361,0
2588,1
11167,0
8819,1
9549,0
24796,0
5157,1
16154,0
12159,0
8129,0
1467,0
7196,0
16197,0
16082,1
22685,0
21460,0
7500,0
23330,0
32022,0
29538,0
1887,1
20845,0
3244,0
11147,0
27971,0
6926,1
22806,0
13038,0
6504,0
2240,1
11244,0
31416,0
28739,0
1034,0
12698,0
31913,0
1815,0
25965,0
11394,0
12794,1
28279,0
24183,0
31828,1
25438,0
24089,0
15608,0
11679,0
10211,0
3064,0
14414,0
2383,0
27728,0
27037,0
24002,0
5829,0
15271,0
24215,0
2271,1
18276,1
21825,0
12386,0
31756,0
257,0
18677,0
22622,0
28093,1
31207,0
30886,0
8302,0
8903,0
18648,1
11846,0
8749,0
15396,0
18442,0
2710,0
20327,0
26935,1
16479,1
14849,0
11615,0
23216,0
13925,0
14784,0
16215,0
16122,0
5691,0
3211,0
6962,0
1213,1
31217,0
29574,0
31879,0
21451,0
14277,0
8411,0
16663,0
21329,0
18963,0
4545,0
21784,0
1618,0
24274,0
12255,1
4988,0
15301,0
20401,0
9349,0
9586,0
31979,0
29029,1
14684,0
21996,0
28206,0
16940,0
31569,0
30983,0
28338,0
9378,0
13730,0
14361,1
24767,0
30409,0
15249,0
31118,0
14761,0
9827,0
392,0
18515,0
22834,0
90,0
27085,0
26231,0
811,0
27416,0
9332,0
25686,1
6475,0
18630,0
3823,0
28074,0
5019,0
10000,0
2410,0
31825,0
12264,1
15513,1
8761,0
27238,0
2397,1
18592,0
13996,0
17724,1
22462,0
24789,1
4362,0
24913,0
30913,0
25126,0
14959,0
29596,1
24983,0
18152,1
19956,0
26692,0
176,0
27316,1
9606,0
10160,0
18593,0
24477,0
11132,0
29177,0
2499,0
13930,0
5697,0
19844,0
6798,0
23687,0
10810,0
4689,0
22580,0
13961,0
13083,0
25892,0
18464,0
5621,0
30139,0
16832,0
2783,0
13067,0
7652,0
14695,1
29652,0
6205,0
16280,0
18010,1
14472,0
9818,0
12746,1
29279,1
30757,1
24261,0
17035,0
10794,0
949,1
23110,0
2262,1
13853,0
26324,0
32565,1
6961,0
14665,0
19929,0
925,0
28162,0
3768,0
25791,0
25757,0
18868,0
23313,0
15871,0
32217,0
28207,0
14957,1
18198,0
31518,0
2628,0
874,0
14370,0
17083,1
23266,0
20831,0
18787,0
9852,0
11981,0
30675,0
26771,0
13028,0
9330,0
6104,1
18441,0
16758,0
14310,0
12198,1
21230,0
11418,0
30802,1
30839,0
29690,0
31308,0
27227,1
32006,0
10818,0
15726,0
9005,0
77,1
15585,0
15976,0
17144,0
11565,0
244,0
28434,0
6391,0
7985,0
20675,0
6592,0
31045,0
9721,0
5023,1
28755,0
19478,1
7616,0
18361,0
3847,0
2724,0
30515,0
29037,0
27618,0
5700,1
15595,0
1792,0
8140,0
21704,0
5057,1
6029,0
19040,0
1417,0
14716,0
12596,0
26815,0
31769,0
25760,0
13162,0
10813,0
27853,0
27763,0
1841,0
31959,0
3172,0
19694,0
32149,1
32419,0
15439,0
22419,0
25086,0
20173,0
14669,0
25827,1
6283,1
11293,0
30191,0
6266,0
10151,0
31041,0
29828,0
27463,0
3553,1
27381,0
6107,1
17717,1
8393,0
30559,0
32317,1
23733,0
26870,1
16351,0
18882,0
8649,0
13391,1
2762,0
30463,0
30772,0
18853,0
2749,0
31438,0
17975,1
2835,0
15505,0
13194,0
23541,0
22925,0
9977,0
26101,0
22810,0
5201,0
14628,0
20004,0
18052,1
25726,1
24333,0
31227,0
24697,0
24318,0
24303,0
20379,0
14529,0
29258,1
14358,0
16034,0
19876,0
6782,1
25789,1
2638,0
14863,0
29996,0
9359,0
20840,0
8766,0
23656,0
30181,1
7947,0
27223,1
12168,1
16642,0
25197,0
11832,0
21697,0
17860,1
1524,0
24643,0
4473,0
15578,0
1309,1
5344,0
30487,0
23356,0
25635,0
8734,0
6743,0
14683,0
12026,0
12425,0
17104,0
1206,0
23816,0
8038,0
16959,1
20288,0
31867,0
2265,1
23755,0
25218,0
18075,1
5113,0
17855,0
2945,1
29747,0
24125,0
10756,0
11263,0
29802,0
30398,0
13757,0
10244,0
1079,0
30889,0
16806,0
20074,1
18089,0
18872,0
20167,0
19350,1
5106,1
3394,1
17294,0
13111,0
27600,0
645,1
29077,0
13493,0
27422,1
27249,0
27152,1
30396,0
17114,0
26384,0
4541,0
21494,0
5921,0
12214,0
17409,0
32556,1
16066,0
32418,0
21868,0
28701,1
7918,0
12785,0
11665,0
7111,0
1961,0
7084,0
9546,1
816,0
2177,1
25720,0
30707,0
4997,0
28840,0
6548,0
22010,0
8888,0
15333,0
25829,0
29732,0
13945,0
15107,0
11522,0
3259,0
19421,0
1428,1
28989,0
24925,0
20073,0
23453,0
22512,0
31960,0
9817,0
21711,0
5585,0
20208,0
29591,1
15024,0
31683,0
4072,0
12815,0
25765,0
15664,0
16000,0
25020,0
2414,0
19133,0
29588,0
1084,0
12861,0
17927,1
24026,0
15459,0
3583,0
19950,0
29693,0
27513,0
8102,0
17738,0
27081,0
15051,0
4952,0
28675,0
3430,1
7094,0
7159,0
12951,0
10752,0
22582,0
22636,1
3470,1
26760,1
31787,0
20055,0
20005,0
5792,1
27193,0
806,0
24039,0
17641,0
1471,1
6251,0
22346,0
6416,1
13862,0
13720,0
32457,0
19353,0
31930,1
18466,0
18834,0
31271,0
4191,0
70,1
12784,0
14060,0
27649,0
26056,0
6828,0
24145,0
19251,0
10792,0
19012,0
12319,1
24782,0
17936,0
16325,0
32402,0
24116,0
8347,0
18206,0
11372,0
528,0
26373,0
19899,1
9252,0
27062,0
15511,0
627,1
32408,1
15440,0
6514,0
8846,0
19355,1
6939,0
6402,0
24876,0
481,1
30969,0
17598,0
21166,0
6117,0
13629,0
1070,0
24753,0
22822,0
9754,0
22571,0
11888,0
28496,0
25505,1
20484,0
14083,1
4142,1
7722,0
760,0
31218,0
46,0
9139,0
15185,0
32066,0
1426,0
573,0
1291,0
20293,0
28071,0
23788,0
16520,0
13813,0
23015,0
19833,0
28144,0
27061,0
12287,0
26520,0
31470,0
24713,0
17698,1
9689,0
24321,0
8693,0
820,0
21152,0
30882,0
14402,1
16044,0
15724,0
18257,0
32049,0
22758,0
25585,0
27750,0
4446,0
16846,0
2511,0
11680,0
18475,1
1833,0
6143,0
6794,0
24869,0
3913,0
13639,0
19803,1
2167,0
27226,0
1273,0
21975,0
18810,0
29421,1
6015,0
22082,0
7440,0
8436,0
6520,0
31479,0
30401,0
26030,0
7593,1
27275,0
11120,0
32477,0
17118,0
5332,0
4853,0
13733,0
9905,0
17510,0
545,1
29731,0
13479,0
10911,1
4460,0
32239,0
31113,0
27015,0
17198,0
9101,1
6703,0
8026,0
10150,0
8177,0
1537,0
26029,0
20852,0
23690,0
15159,0
1737,0
20113,0
6868,0
1819,0
11544,0
19771,0
28925,0
8645,0
13636,1
32263,0
3714,0
30645,0
9946,0
852,0
8631,1
23288,1
8692,0
27290,0
11014,0
2450,0
19664,0
13533,0
29190,0
14104,0
4113,0
22263,0
19291,0
6380,0
18785,0
29243,1
27899,0
22150,0
26725,0
6061,0
4699,0
20884,0
26550,0
4304,0
24820,0
25742,0
11220,0
12024,0
17130,0
654,0
31466,0
28974,0
28558,0
8670,0
27627,0
24730,0
15009,0
12309,0
22065,0
5842,1
23478,0
2017,1
9729,0
32529,0
10308,0
25794,0
8022,1
8720,0
27751,0
6795,0
28588,0
27506,0
6985,0
5764,0
757,0
7707,0
6345,0
31338,0
17142,0
4638,0
8958,0
5040,0
5461,1
26839,0
3177,0
132,1
20893,0
1981,0
25889,0
3560,0
2403,0
21775,0
24072,0
5788,1
17280,0
7348,0
9769,0
14804,0
16600,0
29864,0
8290,0
22664,0
19586,0
21961,0
27131,0
26911,1
24718,0
548,1
29215,0
30020,0
11789,0
30180,0
10293,0
14396,0
15400,0
31891,0
21331,0
13907,0
11177,0
28761,1
22673,0
21018,0
2272,1
21289,0
32490,0
13056,0
5826,0
7564,0
28783,0
14672,0
17368,0
6005,0
7557,0
13189,0
21464,0
10256,0
3040,0
14968,0
9464,0
28861,0
24889,0
32549,0
22386,0
24691,0
12267,0
18298,0
16207,1
21061,0
12694,0
14691,1
30568,0
10539,0
13292,1
15352,0
29812,1
30609,0
20207,0
5588,0
17956,1
22894,0
17343,0
27979,0
23501,0
668,1
19985,0
13139,0
19102,0
7925,0
1047,0
12218,1
5135,0
11344,0
26555,0
18710,0
10754,1
4452,0
26472,0
23625,0
5827,0
13947,0
5671,0
25395,0
13461,1
30431,0
28673,0
24716,0
10098,0
21814,1
30196,0
27481,1
5333,0
22898,0
12456,0
26805,0
21997,0
2489,0
23914,0
10428,1
25781,0
9703,0
